Area,MajorAxisLength,MinorAxisLength,Eccentricity,ConvexArea,Extent,Perimeter,Class
87524,4.422.460.114,253.291.155,819.738.392,90546,758.650.579,1184.04,Kecimen
75166,406.690.687,2.430.324.363,801.805.234,78789,68.412.957,1.121.786,Kecimen
90856,4.422.670.483,2.663.283.177,798.353.619,93717,637.612.812,1.208.575,Kecimen
45928,2.865.405.586,2.087.600.423,684.989.217,47336,699.599.385,844.162,Kecimen
79408,3.521.907.699,2.908.275.329,56.401.133,81463,792.771.926,1.073.251,Kecimen
49242,318.125.407,20.012.212,777.351.277,51368,658.456.354,881.836,Kecimen
42492,3.101.460.715,1.761.314.494,823.098.681,43904,665.893.562,823.796,Kecimen
60952,3.324.554.716,235.429.835,706.057.518,62329,74.359.819,933.366,Kecimen
42256,3.231.896.072,1.725.759.261,845.498.789,44743,698.030.924,849.728,Kecimen
64380,3.669.648.423,2.277.716.147,784.055.626,66125,664.375.716,981.544,Kecimen
80437,4.494.545.811,2.323.255.064,856.042.518,84460,674.235.757,1.176.305,Kecimen
43725,3.013.222.176,1.869.506.295,784.258.452,45021,697.068.248,818.873,Kecimen
43441,2.766.108.288,2.018.131.355,683.882.337,45133,690.855.598,803.748,Kecimen
76792,3.388.575.454,2.913.592.017,510.583.813,78842,772.322.237,1042.77,Kecimen
74167,3.877.989.307,2.478.581.228,769.089.738,76807,680.181.585,1.084.729,Kecimen
33565,2.615.543.311,1.677.084.908,767.374.275,35794,68.155.052,751.413,Kecimen
64670,4.030.839.752,2.064.846.437,858.829.168,66419,75.677.257,1.028.445,Kecimen
64762,3.542.939.396,2.357.524.629,746.473.726,66713,694.998.015,981.509,Kecimen
43295,3.042.844.667,1.828.110.368,799.406.959,44714,713.838.189,814.68,Kecimen
70699,4.186.985.723,2.165.960.537,855.799.392,72363,728.075.054,1.061.321,Kecimen
69726,3.541.769.124,252.529.208,701.160.962,71849,734.398.534,1.035.501,Kecimen
57346,3.304.784.385,2.224.437.485,739.555.027,59365,723.608.833,928.272,Kecimen
82028,3.971.149.759,2.683.337.727,737.169.367,84427,686.375.085,1.106.355,Kecimen
61251,3.015.077.895,2.736.599.414,419.753.707,64732,643.595.671,971.769,Kecimen
96277,4.471.345.225,2.752.161.542,788.128.405,97865,704.057.157,1.181.921,Kecimen
75620,3.682.242.844,2.634.592.554,698.627.251,77493,726.277.372,1.059.186,Kecimen
73167,340.055.218,2.760.151.772,58.410.581,74545,778.736.856,1.010.474,Kecimen
60847,3.369.238.696,2.314.656.959,726.660.229,62492,69.858.783,964.603,Kecimen
81021,3.477.500.583,2.976.406.265,517.134.931,82552,757.559.607,1.063.868,Kecimen
59902,3.585.919.148,2.229.020.273,783.331.958,63250,744.124.224,982.788,Kecimen
88745,429.770.355,2.656.902.361,786.009.488,90715,752.063.524,1.162.877,Kecimen
41809,3.075.327.392,175.085.568,822.113.695,43838,697.444.367,828.697,Kecimen
75329,3.642.307.798,2.658.668.635,683.510.499,77541,723.079.729,1.075.792,Kecimen
61600,3.501.827.545,2.258.427.713,764.243.075,63397,746.829.611,972.472,Kecimen
46427,2.538.420.284,2.359.068.241,369.212.459,48275,684.219.059,844.312,Kecimen
40861,2.497.402.266,2.135.732.718,51.832.833,43096,743.089.401,784.912,Kecimen
55827,305.298.843,2.346.612.245,639.696.077,57724,703.287.982,926.095,Kecimen
54182,3.660.666.742,192.013.274,851.391.425,56450,611.417.674,968.729,Kecimen
77468,4.059.365.937,2.459.897.977,795.479.241,79220,721.545.397,1.100.676,Kecimen
49882,2.872.643.272,2.221.858.727,633.851.884,50880,766.377.827,843.764,Kecimen
95245,397.094.114,3.072.739.224,633.422.315,97988,75.304.396,1201.39,Kecimen
71464,3.641.030.896,2.537.969.272,717.025.543,73265,715.484.271,1036.94,Kecimen
77055,3.752.501.319,2.628.124.219,713.783.938,79255,732.267.077,1.095.283,Kecimen
92384,3.684.062.138,3.207.145.792,492.086.934,93772,749.006.827,1.135.662,Kecimen
77310,4.365.298.989,2.282.803.725,852.367.489,80138,631.720.869,1.141.189,Kecimen
57580,3.302.283.748,2.320.553.872,711.474.579,60232,645.103.465,992.114,Kecimen
69708,3.754.472.798,2.391.327.753,770.923.534,71321,727.177.893,1.022.568,Kecimen
41502,2.605.126.753,2.058.650.238,612.809.911,43114,824.319.225,790.427,Kecimen
45800,3.300.086.832,1.816.658.648,834.842.987,47802,732.682.771,870.387,Kecimen
52623,3.119.967.579,2.180.411.235,7.152.614,54175,675.190.536,902.624,Kecimen
44939,3.176.167.119,1.833.152.147,816.632.082,46400,656.177.905,845.786,Kecimen
114648,5.081.289.326,2.889.539.812,822.570.794,118314,681.904.966,1.340.897,Kecimen
65727,4.031.942.717,2.100.732.642,853.542.978,67372,616.981.132,1.030.155,Kecimen
45683,3.332.625.321,1.777.720.961,845.844.473,48787,634.230.657,901.102,Kecimen
111450,4.783.109.708,298.630.592,781.149.506,113256,690.092.879,1.298.188,Kecimen
47581,3.068.118.747,203.097.502,749.538.262,49203,667.775.392,861.58,Kecimen
57127,3.116.445.775,2.386.419.206,643.138.024,59943,693.625.546,952.023,Kecimen
53006,3.333.813.698,2.068.807.081,784.164.747,55456,691.695.375,936.371,Kecimen
69060,3.284.888.612,2.758.888.648,542.783.247,72223,727.023.897,1.039.551,Kecimen
25387,225.629.541,144.618.672,767.577.386,26139,678.144.032,619.074,Kecimen
66774,3.485.579.747,2.464.762.569,707.082.253,69097,692.446.491,1.003.374,Kecimen
47839,3.126.013.291,1.987.512.989,771.855.496,50166,702.770.596,868.06,Kecimen
78571,4.438.222.908,2.287.576.146,856.934.002,81718,642.192.762,1157.33,Kecimen
64717,3.425.767.105,2.457.320.369,696.759.162,66649,66.254.095,997.989,Kecimen
60462,3.733.428.463,2.081.086.262,830.230.914,62213,665.683.112,990.547,Kecimen
59370,3.459.492.049,2.219.219.567,767.133.811,61464,697.485.902,981.517,Kecimen
54056,3.322.676.409,2.086.190.158,778.322.762,55539,674.553.259,912.153,Kecimen
89235,4.435.159.353,2.589.467.393,811.861.615,91201,655.190.643,1.179.694,Kecimen
51727,3.211.271.422,2.087.667.575,759.843.328,52913,751.889.645,903.308,Kecimen
71595,3.873.096.951,2.367.511.846,791.421.357,74045,718.536.732,1069.77,Kecimen
95347,4.515.261.542,2.802.261.534,784.111.496,99256,674.956.111,1.255.245,Kecimen
60449,3.838.002.498,2.081.687.832,840.127.895,64346,67.634.488,1.054.198,Kecimen
69006,3.793.178.462,2.418.502.909,77.037.364,72895,697.453.002,1.086.857,Kecimen
68520,373.235.638,2.370.415.232,772.430.874,70759,712.858.926,1.049.093,Kecimen
52731,3.099.772.864,2.197.253.525,70.536.589,54438,695.879.962,894.48,Kecimen
50570,3.113.447.951,2.083.178.983,74.318.078,51743,720.863.268,873.777,Kecimen
75825,3.912.043.013,2.485.002.712,772.332.349,77437,745.370.006,1.081.339,Kecimen
42637,2.934.295.802,1.894.321.576,763.692.969,44052,725.119.048,814.182,Kecimen
76984,4.250.481.856,2.339.734.424,834.859.339,78641,758.754.595,1.091.754,Kecimen
47851,3.231.525.189,1.916.109.615,805.244.577,49187,773.237.024,860.402,Kecimen
51220,3.286.476.055,2.025.088.754,787.598.712,52903,692.470.967,896.728,Kecimen
53890,3.310.863.197,2.165.794.558,756.366.569,57109,704.444.444,957.132,Kecimen
58650,3.463.389.582,2.196.843.649,773.083.296,62380,660.287.081,991.612,Kecimen
98935,3.875.169.377,3.268.987.235,537.014.933,100747,740.420.596,1176.6,Kecimen
77587,3.968.075.663,2.519.449.198,772.569.894,79970,703.864.647,1.100.836,Kecimen
180898,8.439.566.534,3.231.905.688,923.770.364,221396,454.188.929,2.253.557,Kecimen
71266,390.707.154,2.356.868.033,797.566.261,73002,66.062.887,1.034.183,Kecimen
39457,2.675.569.406,1.887.651.659,708.695.988,40472,697.576.154,755.822,Kecimen
35237,2.675.537.786,1.735.251.032,761.162.183,37418,706.832.223,750.909,Kecimen
49059,3.018.003.982,2.104.672.152,716.709.132,50835,698.607.314,867.582,Kecimen
53896,3.190.720.226,2.176.957.013,731.093.185,55392,745.944.749,889.626,Kecimen
56469,325.341.425,2.251.150.238,721.960.082,58697,685.736.144,933.896,Kecimen
85156,4.222.791.325,2.602.106.227,7.875.856,87057,702.560.887,1.140.684,Kecimen
67044,3.612.553.722,2.382.264.457,751.756.706,68626,756.943.504,989.016,Kecimen
52243,3.314.511.469,2.067.595.988,781.583.108,55774,714.434.188,934.547,Kecimen
38968,2.694.020.207,1.857.275.682,724.374.455,40147,737.583.283,769.242,Kecimen
79661,3.600.734.473,2.827.390.316,619.209.281,81032,779.156.886,1.045.658,Kecimen
59282,3.292.425.655,2.337.746.492,704.163.616,60580,725.925.745,920.573,Kecimen
48177,305.784.503,2.024.661.938,74.939.737,49877,677.642.591,860.548,Kecimen
74904,3.428.963.104,2.801.155.681,57.676.457,75898,731.741.628,1.012.365,Kecimen
81581,4.242.783.146,2.455.074.738,81.557.794,83143,762.382.252,1.114.736,Kecimen
57820,3.761.911.744,1.997.971.077,847.305.856,59968,714.780.201,978.85,Kecimen
57808,3.099.716.571,2.413.665.105,627.430.162,58954,710.346.522,911.857,Kecimen
55306,3.531.546.092,204.126.836,816.029.801,57396,743.990.207,973.259,Kecimen
59459,3.471.551.548,222.109.478,768.542.385,61585,709.619.286,966.329,Kecimen
44247,3.197.903.082,1.786.479.431,829.409.642,45872,677.637.221,842.121,Kecimen
48945,2.693.704.112,2.391.621.656,460.121.209,51456,711.244.478,872.289,Kecimen
68864,3.436.762.094,2.619.884.386,64.720.992,71726,698.347.024,1.035.022,Kecimen
82826,3.967.059.122,2.697.628.551,733.205.484,84981,745.434.745,1.115.811,Kecimen
65396,3.315.384.446,2.532.429.662,645.403.364,66783,764.829.716,975.425,Kecimen
81572,393.716.176,2.658.146.124,737.687.128,84964,698.270.844,1.187.338,Kecimen
44367,3.225.040.186,1.767.089.727,836.525.515,46531,732.999.603,883.973,Kecimen
51448,328.289.568,2.021.603.698,787.903.331,52772,704.805.743,877.799,Kecimen
50545,2.868.713.324,2.271.597.173,610.712.677,51771,835.454.545,847.664,Kecimen
94063,4.481.210.966,276.607.844,786.758.156,99085,70.929.382,1.259.451,Kecimen
84129,4.130.345.598,2.616.430.865,773.771.049,86242,713.834.797,1.144.973,Kecimen
79735,4.109.979.193,2.502.207.874,793.313.932,83306,749.044.143,1154.54,Kecimen
90176,390.207.341,2.947.622.385,65.526.509,91793,762.549.046,1.136.669,Kecimen
61492,3.564.260.216,224.163.105,777.470.812,65298,690.843.725,1.013.202,Kecimen
79532,3.675.260.058,2.772.241.619,656.532.102,81603,735.114.151,1.075.271,Kecimen
69302,3.549.636.669,2.544.527.709,697.235.919,71843,701.153.379,1051.02,Kecimen
52266,3.204.425.614,2.138.574.996,744.715.834,54116,684.289.081,923.19,Kecimen
51180,2.886.310.651,2.266.304.906,619.253.764,52396,737.442.725,855.997,Kecimen
55787,3.337.034.529,2.269.512.079,733.120.775,59520,688.592.377,977.425,Kecimen
96064,4.112.070.534,3.032.324.524,675.434.094,99609,731.331.126,1.223.904,Kecimen
54316,3.518.052.608,1.984.175.196,825.776.045,55960,655.895.281,930.627,Kecimen
70941,3.260.111.541,2.781.026.598,521.834.977,72330,76.010.929,993.05,Kecimen
55770,2.935.806.697,2.434.806.344,558.731.929,57633,740.165.631,900.109,Kecimen
47478,2.998.185.828,2.052.960.945,72.879.271,48900,720.914.695,861.179,Kecimen
88197,4.732.866.901,2.387.384.529,863.454.506,90297,658.456.829,1193.28,Kecimen
74728,355.310.549,2.707.408.973,647.596.035,76287,766.676.926,1.048.675,Kecimen
70788,3.626.507.703,2.494.037.249,725.972.018,71954,7.461.579,1.003.769,Kecimen
48894,3.180.989.115,1.974.955.028,783.919.938,50468,663.815.575,875.174,Kecimen
52051,3.137.032.602,2.136.317.375,732.283.957,53550,695.051.277,893.451,Kecimen
53270,3.361.488.879,2.043.070.754,794.099.752,55288,693.692.051,922.011,Kecimen
57227,35.443.108,2.075.949.862,810.518.333,59307,649.981.827,953.496,Kecimen
97026,4.559.715.909,2.730.538.098,800.869.044,99561,671.204.732,1.212.667,Kecimen
58495,3.687.395.425,2.057.578.712,829.838.749,61496,630.103.195,998.437,Kecimen
53758,3.595.316.125,1.934.008.772,842.992.995,57197,710.295.439,965.068,Kecimen
110616,4.611.445.532,306.899.065,74.638.361,112150,752.397.666,1.252.875,Kecimen
49175,2.814.314.214,2.244.858.963,603.110.639,50672,727.613.045,845.128,Kecimen
53698,3.482.232.313,1.977.528.973,823.103.652,56089,731.341.251,938.705,Kecimen
73125,408.940.773,2.312.190.014,824.810.334,75540,656.512.605,1.096.751,Kecimen
50445,3.083.589.121,2.088.552.452,735.695.738,51555,723.225.806,851.632,Kecimen
46742,3.035.552.029,1.994.459.327,753.861.393,48077,70.526.284,847.792,Kecimen
69317,3.933.989.966,228.722.883,813.616.588,72170,661.674.303,1.066.388,Kecimen
75314,3.926.515.582,2.460.756.721,779.258.691,77118,704.712.179,1.073.768,Kecimen
54428,3.391.147.492,2.066.458.262,792.887.194,56175,723.391.813,922.878,Kecimen
39509,2.862.315.627,1.804.373.603,776.279.027,41446,722.972.478,790.531,Kecimen
66568,3.422.503.611,2.495.505,684.358.117,68078,759.917.351,993.455,Kecimen
45264,2.905.883.604,2.033.191.422,714.455.428,48142,656.913.967,879.832,Kecimen
57980,336.312.888,2.226.097.658,74.958.095,59311,777.295.152,925.795,Kecimen
75114,368.730.119,2.624.744.722,702.348.195,77454,740.915.368,1.051.266,Kecimen
78991,3.626.408.695,2.790.908.401,638.518.237,80355,708.897.225,1.071.385,Kecimen
76253,3.642.255.696,2.695.167.915,672.637.467,78443,724.287.614,1.070.053,Kecimen
83229,423.844.374,253.809.071,800.879.085,86345,653.494.033,1.153.434,Kecimen
45962,2.511.333.844,2.353.680.757,348.729.642,47173,742.280.362,810.195,Kecimen
57766,344.737.416,2.151.097.845,78.143.908,59834,737.582.676,950.721,Kecimen
39669,252.748.198,2.022.643.597,599.652.719,41860,663.039.663,791.464,Kecimen
41050,316.841.636,1.673.283.344,849.173.815,42965,641.185.842,846.833,Kecimen
47771,3.115.249.871,197.090.849,774.425.873,49237,683.409.393,857.776,Kecimen
53389,301.845.898,2.285.166.995,653.340.582,55158,715.746.997,906.666,Kecimen
73319,3.923.626.656,2.391.884.853,792.700.937,75653,709.568.466,1.075.279,Kecimen
91831,4.633.578.718,2.579.511.277,830.713.904,95560,710.370.382,1.252.762,Kecimen
71452,3.979.614.266,2.397.987.804,798.067.621,73864,751.833.496,1.101.502,Kecimen
59970,3.530.016.249,2.196.829.418,782.756.248,61834,755.822.747,978.631,Kecimen
51683,3.252.398.678,2.089.148.245,766.419.171,54510,728.442.565,928.217,Kecimen
41283,2.681.253.606,1.996.354.013,667.555.617,42505,732.383.622,798.515,Kecimen
92735,436.985.567,2.715.787.847,783.428.223,94693,704.122.154,1.183.447,Kecimen
44627,2.972.593.228,1.947.602.777,755.467.225,46921,67.518.458,848.487,Kecimen
84260,4.113.973.639,2.629.740.989,769.022.556,85978,686.782.733,1.157.001,Kecimen
59076,3.504.871.954,2.166.793.239,786.002.573,61643,645.498.252,988.273,Kecimen
58741,3.454.854.484,2.223.818.455,765.295.307,60701,714.819.412,948.233,Kecimen
68627,4.118.885.236,2.168.939.999,850.122.963,70932,738.242.255,1.097.292,Kecimen
51941,3.492.261.695,1.918.173.343,835.648.938,53893,708.995.359,912.259,Kecimen
77161,3.942.783.917,25.321.136,766.524.847,82746,671.900.035,1.127.409,Kecimen
85105,3.822.899.916,2.887.584.072,655.334.662,88056,776.944.987,1.139.446,Kecimen
52508,2.976.969.009,2.262.519.485,649.914.023,53588,756.163.594,862.778,Kecimen
39941,2.518.477.358,2.084.681.478,561.090.145,41594,70.757.157,777.663,Kecimen
48693,3.065.739.068,2.042.806.212,745.653.394,50298,740.127.679,848.422,Kecimen
87858,441.224.088,2.556.622.254,815.015.963,90905,708.726.586,1.176.287,Kecimen
67718,3.739.240.984,2.332.332.051,781.628.075,71102,736.994.471,1.024.993,Kecimen
63968,3.330.124.213,2.478.885.463,66.775.371,65403,756.999.834,953.445,Kecimen
43461,3.337.059.198,1.693.095.334,861.733.321,45669,677.934.111,867.446,Kecimen
81546,3.813.486.543,2.738.100.991,696.038.327,82807,711.719.732,1.057.448,Kecimen
43563,2.965.221.609,1.881.957.136,772.777.753,45174,696.283.865,817.41,Kecimen
36145,2.807.576.527,1.665.935.504,804.928.834,37401,812.265.444,747.161,Kecimen
57741,3.164.840.294,2.342.836.291,672.309.707,58976,712.711.069,906.829,Kecimen
69024,3.728.219.867,2.376.598.183,770.481.865,70649,721.042.955,1.015.771,Kecimen
78982,4.211.618.485,2.416.404.129,819.032.478,81442,753.436.549,1.102.423,Kecimen
78240,4.019.300.875,2.498.313.709,783.351.347,79677,757.992.637,1.059.644,Kecimen
87036,3.849.699.031,2.894.539.006,659.291.894,88336,727.896.163,1094.59,Kecimen
37569,2.324.278.475,2.081.520.065,44.495.009,38874,794.371.379,734.102,Kecimen
79748,4.419.342.925,2.317.175.312,851.517.765,81718,738.448.432,1.120.963,Kecimen
44156,3.077.069.822,1.860.924.236,796.399.015,45285,633.605.969,820.714,Kecimen
87302,3.929.101.168,2.841.790.677,690.568.105,89605,73.824.584,1122.16,Kecimen
69312,3.738.031.053,2.371.945.766,77.288.661,70719,706.155.633,1.001.236,Kecimen
86545,3.501.278.744,3.157.195.205,432.307.345,87512,785.886.818,1.070.062,Kecimen
59729,3.370.434.753,2.318.092.351,725.926.293,62511,683.711.081,966.438,Kecimen
59822,3.365.840.696,2.279.495.391,735.758.503,60648,700.286.801,916.044,Kecimen
63452,3.348.459.883,2.432.364.806,687.258.427,64925,735.317.295,945.523,Kecimen
61996,3.337.476.396,243.540.245,683.752.754,63641,673.137.894,958.627,Kecimen
74763,391.227.169,2.455.420.203,778.519.786,77508,686.113.099,1.063.377,Kecimen
73193,401.072.302,2.358.289.934,808.863.683,75563,740.115.679,1.050.909,Kecimen
66508,3.449.045.201,2.490.897.821,691.685.086,69240,703.014.672,1.001.714,Kecimen
74849,3.799.250.258,2.526.171.178,746.920.746,76154,735.392.657,1.040.788,Kecimen
38585,2.744.450.783,1.809.575.592,751.829.118,39926,696.593.309,762.439,Kecimen
61377,3.397.334.965,2.340.242.375,724.907.214,64027,705.612.526,975.553,Kecimen
39547,2.594.226.253,1.984.655.312,643.997.206,40765,733.384.022,763.979,Kecimen
49998,3.017.807.071,212.326.943,710.615.819,50857,779.294.866,834.328,Kecimen
49063,2.947.482.868,217.913.109,673.354.968,50732,658.811.365,869.795,Kecimen
46961,3.437.885.277,1.771.367.946,857.040.355,48476,61.463.255,891.528,Kecimen
57271,3.726.991.236,1.969.761.351,848.925.537,58786,769.151.222,949.936,Kecimen
58909,3.473.439.411,2.181.227.905,778.234.722,60379,704.257.176,944.879,Kecimen
51336,3.218.844.382,2.061.461.473,768.012.151,53944,742.600.897,898.546,Kecimen
62422,3.245.569.613,247.707.867,646.140.518,64021,716.062.129,947.541,Kecimen
48447,3.310.510.122,1.899.172.045,819.079.815,49996,625.615,883.044,Kecimen
64364,3.766.624.701,2.216.551.009,808.518.015,67510,654.744.466,1.057.897,Kecimen
72915,4.147.180.727,2.295.557.698,832.834.246,76912,679.771.405,1.131.096,Kecimen
49414,290.458.237,2.194.182.435,65.523.977,51029,711.033.729,869.188,Kecimen
45723,2.911.972.864,2.030.202.207,716.885.111,48658,648.829.289,875.764,Kecimen
64988,3.713.536.275,2.269.099.341,79.160.385,67847,67.011.755,1.048.186,Kecimen
56709,293.408.498,2.477.165.958,535.914.821,58143,778.285.573,904.508,Kecimen
93559,4.386.343.535,2.755.829.735,777.991.385,95750,687.069.934,1.198.259,Kecimen
81916,398.326.553,2.654.181.085,74.565.434,85615,663.072.689,1.113.144,Kecimen
79274,4.069.762.258,2.552.178.271,778.932.753,81976,708.385.459,1.110.378,Kecimen
88724,4.464.304.557,2.603.787.541,812.295.614,92630,656.529.107,1.216.535,Kecimen
65469,3.744.662.312,2.275.389.974,794.215.984,68018,714.438.491,1.020.029,Kecimen
75799,3.409.827.093,28.915.047,530.009.681,79230,741.100.324,1.065.191,Kecimen
76741,3.839.821.631,2.581.339.883,740.319.531,79198,745.202.952,1056.74,Kecimen
54219,3.442.908.319,2.044.966.891,804.490.914,56526,688.495.238,931.43,Kecimen
52693,2.835.042.387,2.421.139.544,520.265.279,54860,737.749.216,895.745,Kecimen
84539,4.415.288.902,2.483.743.168,826.775.225,87728,687.577.266,1.169.983,Kecimen
34559,2.645.151.675,1.689.830.565,769.339.036,36516,664.187.423,750.365,Kecimen
49715,3.023.473.906,2.133.645.111,708.517.498,52250,650.107.229,877.43,Kecimen
39716,2.430.382.802,2.101.140.569,502.579.995,40598,779.432.833,737.468,Kecimen
46845,2.649.672.544,225.842.499,52.298.617,47739,759.090.614,799.991,Kecimen
52547,3.583.657.191,1.892.067.438,849.262.336,54649,703.402.763,929.471,Kecimen
41593,3.106.748.925,1.783.232.873,818.864.551,44753,572.669.696,870.063,Kecimen
44460,294.624.132,1.975.565.774,741.875.489,47486,647.425.443,849.225,Kecimen
51145,3.173.482.375,2.110.255.917,746.874.181,53531,710.051.367,895.04,Kecimen
43345,3.238.592.139,1.751.857.446,841.066.464,46785,649.275.753,877.02,Kecimen
53987,3.313.506.586,2.131.674.456,765.589.944,56076,673.221.768,931.117,Kecimen
59514,3.686.379.093,2.091.269.246,823.513.752,61469,755.157.975,968.36,Kecimen
85739,3.803.703.785,2.882.561.589,652.451.831,87052,762.151.543,1.094.576,Kecimen
56096,3.133.863.101,2.322.824.399,671.282.476,58701,711.769.781,929.115,Kecimen
46120,3.000.971.584,2.012.063.136,741.936.124,49996,628.971.988,907.025,Kecimen
57676,3.339.700.499,2.222.744.566,746.351.424,58991,688.668.657,926.255,Kecimen
62064,3.523.686.704,2.278.641.444,762.774.955,64811,650.566.038,1.004.245,Kecimen
50274,3.053.972.558,2.122.734.472,718.938.975,52016,687.507.692,868.951,Kecimen
77225,3.621.373.458,2.770.098.428,644.113.015,80872,732.483.472,1110.44,Kecimen
45598,2.598.962.651,2.256.562.198,496.118.267,47266,741.286.253,813.276,Kecimen
38545,283.987.539,1.754.205.147,786.409.924,39765,760.436.395,770.59,Kecimen
39439,2.467.636.115,212.635.393,507.423.663,42795,646.827.284,793.005,Kecimen
74109,4.167.127.171,2.305.595.405,832.994.182,78032,706.459.362,1.095.055,Kecimen
41755,2.967.883.761,1.841.913.772,784.115.281,43362,691.330.839,804.559,Kecimen
61463,3.693.997.455,2.136.196.205,81.583.235,63117,786.776.754,966.493,Kecimen
43743,300.906.335,1.858.512.318,786.462.407,44836,670.082.721,802.261,Kecimen
73499,3.460.510.824,2.755.139.073,605.079.015,76355,73.124.602,1.050.012,Kecimen
40403,2.892.593.164,1.792.233.834,784.922.337,41209,722.204.347,761.949,Kecimen
62343,3.482.887.882,2.328.200.404,743.740.567,63897,705.620.699,979.447,Kecimen
46008,2.968.792.842,2.120.277.194,699.953.594,48762,69.527.897,860.58,Kecimen
43495,2.716.466.724,2.051.640.687,655.424.446,44535,754.021.912,785.843,Kecimen
50649,3.271.109.948,1.995.409.197,792.393.852,52462,766.294.481,875.267,Kecimen
61235,3.490.264.129,2.268.031,760.091.178,63504,718.720.657,974.079,Kecimen
78883,3.951.000.971,2.569.649.659,759.609.525,80973,678.446.719,1.092.709,Kecimen
58734,3.674.839.462,2.050.210.803,829.904.913,59845,757.476.883,945.191,Kecimen
68253,3.884.547.229,2.247.316.909,815.662.968,70347,746.130.132,1.042.257,Kecimen
62401,3.943.975.005,2.031.386.868,857.153.654,64722,740.084.919,1.004.349,Kecimen
73046,3.973.381.636,2.348.282.406,806.669.001,74242,690.650.883,1.037.399,Kecimen
54968,3.009.544.323,23.438.957,627.246.499,56851,75.133.953,893.644,Kecimen
84057,4.527.756.953,2.452.199.818,840.641.076,86710,622.017.819,1.179.024,Kecimen
90178,466.249.387,2.501.043.018,843.952.802,92321,752.003.469,1.180.478,Kecimen
67883,3.831.890.177,2.333.566.734,793.181.118,70360,697.810.444,1.030.869,Kecimen
43901,3.041.003.495,1.912.982.735,777.354.334,46443,648.741.706,884.495,Kecimen
33662,2.272.937.917,1.911.090.383,54.134.302,34787,792.998.657,699.415,Kecimen
77043,3.886.927.274,2.575.462.902,748.976.897,80094,72.693.048,1.112.212,Kecimen
64875,393.214.664,2.129.548.238,840.653.105,67701,77.052.354,1.014.789,Kecimen
42609,2.801.490.165,2.002.718.741,699.251.006,44944,673.127.962,840.167,Kecimen
79510,3.807.191.934,2.670.341.186,712.773.879,81779,73.159.735,1.075.307,Kecimen
58857,3.208.119.081,2.353.860.453,679.452.185,60597,690.364.202,927.048,Kecimen
67754,3.491.971.378,2.516.796.378,693.207.597,69536,655.261.122,1.032.358,Kecimen
54842,3.082.324.435,2.272.577.315,67.557.273,55879,73.819.523,887.109,Kecimen
78352,4.088.096.881,2.454.408.089,799.715.505,80474,684.273.038,1.099.512,Kecimen
72447,4.017.420.402,2.315.372.369,817.214.876,74481,709.103.722,1.055.302,Kecimen
58239,3.242.950.626,2.309.972.581,70.186.924,59977,721.190.282,940.22,Kecimen
93879,409.486.907,2.929.160.989,698.792.225,96072,767.668.921,1.174.166,Kecimen
68129,3.811.754.896,2.300.560.205,79.733.001,70141,65.970.447,1.050.867,Kecimen
74426,4.116.968.203,2.317.495.984,826.515.979,76449,679.453.706,1.071.612,Kecimen
60650,3.243.616.267,2.422.285.019,665.065.172,62580,721.542.781,941.486,Kecimen
136340,7.228.539.172,3.113.413.551,902.489.762,176818,529.774.048,2.098.263,Kecimen
65051,3.812.139.503,2.182.168.451,81.995.626,66476,644.356.396,1.002.035,Kecimen
72219,3.766.504.925,2.495.294.544,749.065.428,74373,777.794.531,1.050.221,Kecimen
81405,4.210.948.928,2.480.867.654,808.025.921,83634,713.728.344,1.148.651,Kecimen
70196,3.731.976.471,2.438.811.053,756.934.744,71937,690.789.927,1.024.256,Kecimen
69120,352.011.403,2.508.148.535,701.652.699,70274,703.439.853,978.434,Kecimen
56327,2.977.657.247,2.419.344.257,582.962.247,58178,727.739.018,915.496,Kecimen
54983,2.928.989.067,2.484.080.201,529.833.692,58095,725.273.711,921.613,Kecimen
105020,4.403.896.311,3.061.052.886,718.934.015,107423,714.616.222,1.228.366,Kecimen
36113,2.576.418.527,1.811.570.788,71.105.609,37442,694.480.769,737.637,Kecimen
87429,4.089.260.276,2.738.879.417,742.565.182,89063,703.574.648,1.120.019,Kecimen
57785,3.144.309.771,236.183.035,660.138.051,58867,732.865.767,903.769,Kecimen
69846,3.684.507.096,2.439.751.621,749.358.072,72585,676.723.637,1.040.716,Kecimen
81456,4.043.163.937,2.588.920.062,768.107.985,83499,725.472.034,1.103.153,Kecimen
61959,3.395.850.181,2.346.979.363,722.728.935,64424,712.041.464,970.754,Kecimen
61730,3.761.885.565,2.106.115.221,82.858.974,63756,632.188.028,989.499,Kecimen
62835,4.211.693.384,1.911.698.622,891.051.301,64406,786.145.031,1.018.553,Kecimen
52651,3.408.169.568,204.432.884,800.126.045,56217,683.504.044,915.939,Kecimen
67093,3.531.098.719,2.430.010.336,725.545.687,68383,76.069.161,972.971,Kecimen
45160,2.705.553.766,2.201.186.723,581.451.809,46805,686.071.949,833.117,Kecimen
58989,3.626.681.085,2.095.097.184,81.625.629,60916,732.782.609,950.717,Kecimen
44007,3.593.755.027,1.617.023.657,893.051.844,48490,644.743.975,901.17,Kecimen
65062,344.309.794,2.426.836.332,709.365.401,65825,769.218.037,948.889,Kecimen
38724,2.910.010.917,1.707.762.667,809.690.001,40133,780.883.243,769.691,Kecimen
63514,3.687.863.065,2.212.409.483,800.062.704,65057,663.844.642,977.085,Kecimen
46403,3.063.041.431,1.966.171.927,766.786.821,48631,637.631.572,843.96,Kecimen
55746,2.803.131.243,2.546.003.304,418.381.972,56989,730.654.294,875.659,Kecimen
38153,2.650.402.262,1.848.022.541,716.817.189,39564,682.497.943,754.022,Kecimen
66094,3.231.877.163,2.610.119.111,589.707.296,67032,738.719.809,944.713,Kecimen
57303,3.300.249.642,2.219.197.863,740.157.695,58973,716.762.355,919.044,Kecimen
61289,3.763.751.871,2.087.278.098,832.134.559,63997,63.947.956,998.47,Kecimen
55114,3.171.723.252,2.227.534.529,711.870.752,56849,714.254.241,909.604,Kecimen
45567,2.785.021.961,2.167.666.389,627.855.296,49075,714.070.801,854.724,Kecimen
72215,3.804.147.762,2.440.280.812,767.140.615,74175,720.924.428,1.048.486,Kecimen
65495,3.653.190.043,2.305.255.523,775.762.211,67299,697.943.308,989.581,Kecimen
34977,2.677.377.387,1.708.372.462,769.972.704,37747,669.480.333,754.366,Kecimen
76407,3.734.424.261,264.474.304,706.005.483,79086,731.251.436,1.074.702,Kecimen
66998,3.385.866.405,2.573.438.202,649.860.993,69844,757.604.541,1006.22,Kecimen
57310,351.396.481,2.098.812.282,80.203.462,59225,699.832.704,940.413,Kecimen
79106,4.045.731.673,2.520.663.638,782.187.815,81999,72.851.683,1100.85,Kecimen
56837,3.683.727.265,1.987.746.557,841.920.242,59040,634.965.144,973.599,Kecimen
53497,3.525.027.525,1.949.811.366,833.092.526,54875,691.175.711,921.762,Kecimen
58591,3.564.633.214,212.119.231,803.676.777,60664,784.413.741,970.932,Kecimen
60313,3.396.034.558,2.277.259.242,741.851.492,62130,726.680.161,946.487,Kecimen
72483,3.344.176.092,2.826.808.891,534.302.927,74945,706.179.792,1.052.159,Kecimen
52836,3.404.047.822,2.043.355.331,799.795.765,55143,817.388.614,928.274,Kecimen
68119,3.853.917.044,2.307.152.076,801.009.823,70719,6.593.012,1.026.686,Kecimen
83490,4.218.829.433,2.543.101.831,797.893.855,86319,70.994.898,1.168.247,Kecimen
74612,4.308.651.894,2.292.867.182,846.647.455,79297,665.346.888,1.140.399,Kecimen
44081,3.285.871.474,1.733.469.657,849.522.441,46287,638.466.441,867.003,Kecimen
39724,2.716.656.922,189.484.632,716.592.623,41587,724.282.537,781.97,Kecimen
89051,4.185.556.402,2.749.231.996,754.031.829,92636,738.675.293,1196.03,Kecimen
57612,3.524.413.648,2.100.642.098,80.296.515,58810,647.718.841,934.684,Kecimen
65740,3.488.811.561,2.459.761.755,709.164.675,69233,740.815.867,1.036.517,Kecimen
69997,3.627.413.898,2.470.913.226,732.118.179,71994,722.542.219,1.010.809,Kecimen
75540,4.220.984.896,2.376.386.774,82.646.137,78465,705.085.125,1114.88,Kecimen
46397,3.107.243.688,1.929.038.367,783.953.309,48183,655.278.582,850.782,Kecimen
61967,3.647.840.178,2.185.661.729,800.624.837,63724,687.300.355,981.059,Kecimen
87149,4.446.108.356,2.532.065.911,82.199.021,91704,716.220.548,1.189.483,Kecimen
67798,4.184.081.341,207.825.511,867.919.298,69356,691.026.582,1.073.138,Kecimen
49604,3.106.056.284,2.046.545.873,752.240.304,51007,760.809.215,855.392,Kecimen
88407,4.127.569.409,2.752.848.499,74.510.983,90865,717.962.253,1.141.296,Kecimen
46601,2.773.532.801,2.162.720.505,626.064.816,48457,761.653.373,820.106,Kecimen
53121,3.509.683.575,1.958.674.449,82.978.902,56120,732.663.025,930.619,Kecimen
80101,377.616.572,2.726.713.449,691.804.118,82949,725.486.822,1.084.306,Kecimen
69781,3.647.445.188,2.487.961.897,731.248.797,71504,693.937.827,1.024.207,Kecimen
58460,2.907.535.562,2.583.843.539,458.544.698,60254,774.756.149,908.357,Kecimen
61792,4.005.028.283,1.977.035.112,869.667.343,64962,701.161.946,1.026.109,Kecimen
78084,3.952.097.616,2.543.765.834,765.320.366,80285,703.003.457,1.097.299,Kecimen
63402,3.724.843.101,2.240.094.059,798.953.455,66639,676.634.437,1.008.276,Kecimen
48809,3.322.648.929,1.903.513.649,81.963.199,51847,66.134.168,928.016,Kecimen
49039,2.854.020.871,2.208.199.013,633.533.709,50879,714.770.872,841.666,Kecimen
64669,3.645.828.035,2.288.007.673,778.561.165,67524,655.845.605,995.692,Kecimen
103377,4.606.704.313,2.879.931.727,780.495.845,105569,726.967.785,1.230.233,Kecimen
73972,3.592.726.917,2.633.333.902,680.269.105,75353,754.739.312,1.017.749,Kecimen
47602,2.964.930.361,2.062.251.984,718.479.434,49089,721.187.789,840.545,Kecimen
69151,3.416.460.576,2.583.928.669,654.204.824,70703,75.184.561,989.917,Kecimen
56518,3.191.919.279,2.307.099.964,691.063.598,58879,718.647.085,916.396,Kecimen
86314,3.904.129.792,2.822.148.203,690.992.119,87873,733.663.131,1.106.033,Kecimen
56477,334.588.138,2.191.856.198,755.550.137,58408,685.666.764,941.429,Kecimen
32097,2.644.163.841,1.579.904.179,801.864.322,33699,681.117.902,713.775,Kecimen
71284,3.562.592.463,2.564.883.397,694.027.404,72618,742.975.069,1.011.054,Kecimen
87937,3.658.369.921,3.079.116.981,54.000.213,89581,711.009.953,1.099.568,Kecimen
100835,4.197.533.709,3.069.548.981,682.083.382,102881,752.578.628,1.202.369,Kecimen
66752,3.705.036.219,2.315.511.993,78.065.406,69039,742.390.035,1.006.028,Kecimen
65999,3.262.987.214,2.644.148.773,585.951.613,67971,676.864.225,998.793,Kecimen
70977,3.620.635.747,2.563.830.246,70.609.608,73417,650.222.613,1033.87,Kecimen
38569,2.729.372.082,1.818.567.206,745.688.178,39909,716.030.818,757.295,Kecimen
53964,368.074.061,1.898.138.686,856.772.375,55662,603.678.181,943.599,Kecimen
79100,4.134.963.654,2.464.047.067,803.054.658,81839,655.148.423,1.113.607,Kecimen
83071,4.004.656.882,265.928.797,747.689.152,84531,718.458.106,1.112.784,Kecimen
31237,2.623.470.571,1.550.257.428,806.731.223,32564,613.910.617,718.847,Kecimen
26908,2.457.557.814,1.437.108.718,811.198.369,28607,693.487.281,678.815,Kecimen
66797,3.581.989.179,2.407.826.944,740.366.108,68732,697.662.517,1.006.375,Kecimen
76222,3.888.073.993,2.506.960.737,764.366.384,77958,73.744.195,1065.68,Kecimen
46810,2.978.913.729,2.015.349.368,736.407.405,48300,721.307.939,836.109,Kecimen
65123,3.823.576.865,2.188.887.484,819.924.857,66825,764.336.518,1.018.353,Kecimen
65091,3.924.932.707,2.168.275.716,833.555.048,69597,664.193.878,1.079.752,Kecimen
68400,3.635.065.315,2.495.814.954,727.040.805,72981,725.744.843,1.079.973,Kecimen
64056,3.936.167.673,209.630.823,846.382.218,65958,767.873.412,1.014.268,Kecimen
49821,3.190.820.631,2.022.364.946,773.491.106,51829,677.975.097,907.423,Kecimen
80353,394.340.189,2.645.790.871,74.151.054,83419,668.021.782,1.120.777,Kecimen
51539,3.307.474.868,2.009.579.393,794.252.979,53060,72.541.099,894.039,Kecimen
63827,393.251.665,2.091.461.847,846.846.105,66445,66.740.908,1.047.037,Kecimen
89345,4.355.508.797,2.620.614.475,798.738.633,91337,713.846.277,1.176.657,Kecimen
31275,264.687.187,1.563.955.455,806.767.261,33540,658.393.331,727.561,Kecimen
75431,4.336.712.228,2.229.994.167,857.662.466,78125,723.184.154,1.103.236,Kecimen
72718,397.902.945,2.355.598.942,805.935.469,74803,746.867.425,1.073.916,Kecimen
82886,4.248.227.093,253.171.548,803.024.243,85879,648.281.256,1.163.528,Kecimen
67852,3.531.242.534,2.473.352.308,713.731.082,69587,729.512.956,983.385,Kecimen
49336,3.384.814.606,1.930.052.021,821.499.608,52619,656.552.752,909.681,Kecimen
39368,2.966.559.478,1.712.081.645,816.654.393,41361,619.968.504,798.546,Kecimen
51304,3.500.425.817,189.765.438,840.300.429,52949,660.997.732,897.111,Kecimen
91764,4.337.681.595,2.702.860.947,782.132.713,93480,692.924.564,1.165.084,Kecimen
79252,3.988.445.645,2.541.729.295,770.638.009,80799,705.007.428,1.074.108,Kecimen
50530,3.289.180.154,1.982.839.196,797.864.438,52600,681.695.537,897.796,Kecimen
66063,3.540.975.248,2.385.102.532,739.121.421,67503,762.676.056,971.938,Kecimen
73311,3.918.675.067,2.396.017.637,791.294.159,74825,689.966.401,1046.52,Kecimen
82793,4.281.169.055,2.493.908.796,812.809.305,84950,742.458.211,1.130.673,Kecimen
104921,4.528.630.128,2.970.241.867,754.864.415,108211,726.297.937,1.254.861,Kecimen
59654,3.508.999.545,2.194.898.675,780.219.721,62384,713.052.833,979.727,Kecimen
76531,4.076.686.396,2.413.995.271,805.830.387,78857,731.227.487,1.068.375,Kecimen
57438,3.449.801.825,2.154.342.255,781.038.479,58924,693.394.176,935.816,Kecimen
55129,336.021.702,2.104.280.656,779.635.513,56855,750.401.546,910.837,Kecimen
37302,2.843.301.121,1.705.330.024,800.171.576,39280,721.173.923,761.131,Kecimen
58357,3.383.209.626,220.464.395,758.526.041,59383,738.172.941,915.379,Kecimen
33615,25.447.223,1.710.010.504,740.566.437,35376,788.048.575,719.935,Kecimen
47555,3.308.992.812,1.862.529.038,82.654.621,50165,680.708.836,873.837,Kecimen
71762,3.876.741.043,2.368.736.053,791.621.183,73593,701.677.879,1.038.741,Kecimen
84677,4.016.681.425,2.696.684.468,741.121.199,86777,751.028.843,1.118.999,Kecimen
86421,3.671.703.365,3.007.939.859,573.476.639,87929,748.622.661,1.080.007,Kecimen
90191,4.313.669.658,272.751.395,7.747.273,93719,625.024.255,1.179.374,Kecimen
34638,2.517.422.462,178.341.115,705.783.651,35824,749.399.624,713.94,Kecimen
39275,2.740.659.935,1.854.112.735,736.423.765,40747,712.562.139,772.501,Kecimen
41458,2.818.248.824,1.926.741.159,729.794.954,42792,682.773.386,782.362,Kecimen
85954,4.059.151.667,2.720.833.254,742.093.815,87690,714.817.957,1.104.717,Kecimen
56589,3.439.347.569,2.131.333.342,784.845.746,58274,659.853.078,931.451,Kecimen
39622,2.801.124.767,1.851.922.062,750.266.822,40539,733.007.733,766.531,Kecimen
48093,3.299.357.423,1.870.417.222,823.784.218,49367,745.108.064,858.386,Kecimen
67404,349.011.262,2.476.902.693,704.512.743,69607,745.026.085,997.276,Kecimen
57838,3.502.854.586,2.148.024.505,789.911.277,59449,674.039.717,939.149,Kecimen
58570,3.553.995.375,2.145.674.661,797.184.383,60494,657.557.931,962.708,Kecimen
60199,3.752.796.881,2.054.140.518,836.895.588,61711,736.289.139,971.185,Kecimen
74254,4.025.264.818,2.412.834.392,800.432.782,76702,726.470.473,1.080.034,Kecimen
63718,4.075.658.564,2.002.610.472,870.957.281,65950,7.229.673,1.023.064,Kecimen
28216,2.454.012.948,1.502.455.819,790.668.532,30316,622.292.797,683.004,Kecimen
79055,3.953.686.671,258.275.952,757.139.293,82562,71.950.598,1.114.488,Kecimen
86141,4.141.071.647,2.669.075.277,764.572.839,87883,718.740.092,1.146.164,Kecimen
82873,449.409.264,239.614.078,846.004.564,85648,700.769.491,1.148.363,Kecimen
98485,3.877.628.358,3.257.371.661,54.252.098,100682,729.864.528,1.193.908,Kecimen
53633,313.479.956,2.186.686.172,716.534.018,55147,728.432.118,882.669,Kecimen
63191,3.352.416.873,2.439.723.903,685.841.703,64898,704.603.994,977.095,Kecimen
58545,3.251.886.359,2.319.557.989,700.862.765,60738,700.500.144,966.758,Kecimen
68931,3.816.717.342,2.315.281.935,794.994.961,71336,679.310.549,1.067.692,Kecimen
67874,3.600.234.655,2.432.719.738,737.166.231,69889,678.319.442,1.035.277,Kecimen
61200,3.231.744.104,2.462.883.243,647.469.874,64553,707.449.022,997.264,Kecimen
87089,3.964.868.571,2.802.454.497,70.739.191,88754,742.231.578,1.154.562,Kecimen
59589,3.835.712.334,2.013.818.552,851.091.037,62974,684.081.829,1.043.187,Kecimen
50312,3.542.355.512,1.823.120.807,857.392.304,52070,623.352.166,961.439,Kecimen
41995,2.592.088.782,2.103.507.977,584.337.455,43443,729.700.613,801.526,Kecimen
137583,649.541.485,2.732.602.815,907.201.118,142650,731.637.667,1.590.354,Besni
117592,5.332.928.563,2.885.583.194,840.966.033,123587,730.067.672,1.432.006,Besni
95546,4.871.782.819,251.960.243,855.874.944,99166,722.782.014,1.276.807,Besni
96582,4.467.052.035,278.325.498,782.171.631,100113,706.597.603,1.216.979,Besni
61409,4.037.012.948,2.093.658.885,855.007.371,67286,597.392.869,1.083.477,Besni
154242,5.859.280.742,3.375.992.453,817.323.783,158371,7.216,1.530.315,Besni
134303,6.007.662.711,2.883.849.296,877.252.896,138133,74.243.622,1.497.515,Besni
112378,5.284.003.254,2.727.787.203,856.447.002,115602,614.705.496,1366.74,Besni
124579,4.399.605.034,3.710.262.137,537.416.298,128307,698.250.157,1.373.537,Besni
83107,5.073.808.994,2.331.538.498,8.881.652,93706,491.002.009,1.367.331,Besni
107178,5.087.478.956,2.704.624.159,84.698.069,110611,632.908.552,1.325.947,Besni
64391,4.495.559.014,1.871.223.778,909.255.569,68813,63.426.911,1.177.714,Besni
126781,6.594.426.082,2.495.447.658,925.634.934,132802,73.666.198,1552.54,Besni
45051,3.235.892.546,1.800.697.373,830.863.512,46532,830.632.225,836.625,Besni
119026,6.127.444.115,2.509.269.903,912.304.144,123463,615.745.148,1.486.769,Besni
67579,4.023.102.017,2.170.587.358,841.965.878,70809,70.311.297,1.051.553,Besni
97019,5.595.992.129,2.286.417.533,912.721.946,101539,573.452.572,1.383.647,Besni
184784,7.401.087.099,32.058.783,901.315.524,192699,645.353.264,1.791.568,Besni
168276,6.560.993.813,328.486.879,865.640.348,174282,681.538.723,1.685.283,Besni
195383,7.550.129.141,3.357.904.519,895.655.767,204472,728.769.116,1.893.414,Besni
65253,4.189.978.869,2.057.561.847,871.121.605,69700,66.625.485,1.075.404,Besni
120255,4.718.135.294,3.265.463.364,721.793.107,123486,723.886.976,1.322.814,Besni
108161,4.851.026.458,2.860.331.908,807.670.301,111765,707.906.277,1.305.144,Besni
157877,6.138.737.446,3.283.133.366,844.964.592,161901,641.322.804,1.604.103,Besni
83800,4.408.337.404,2.453.818.805,830.759.616,86346,657.162.126,1.170.091,Besni
177264,6.199.584.724,3.667.632.399,806.236.591,180994,683.219.376,1.652.694,Besni
127245,5.303.040.552,3.091.215.157,812.534.049,130649,679.096.353,1.423.997,Besni
108314,4.556.058.765,3.111.711.176,730.434.168,112497,686.944.665,1.306.577,Besni
128947,5.728.016.018,2.890.221.686,863.367.048,132108,604.408.842,1.446.923,Besni
189637,6.367.524.368,4.037.193.275,773.309.506,209580,613.785.469,1870.28,Besni
137508,6.041.144.233,2.920.960.638,875.338.198,141818,60.152.231,1529.79,Besni
75173,3.658.032.415,2.675.827.815,681.848.156,78359,67.995.405,1.087.034,Besni
115859,4.884.888.558,305.090.778,780.976.537,120546,742.643.053,1.351.422,Besni
92188,3.747.201.638,3.243.025.616,500.990.716,95920,747.599.585,1.190.813,Besni
153824,536.606.993,3.692.864.544,725.532.478,159063,739.083.641,1.582.146,Besni
85492,4.370.139.693,2.508.926.087,818.780.557,89018,723.343.769,1.182.575,Besni
106312,4.643.323.636,2.953.167.921,771.686.556,111089,729.683.725,1.306.455,Besni
210923,9.840.454.912,3.672.795.321,927.737.116,278217,507.352.075,2.697.753,Besni
89138,5.071.433.962,2.262.166.152,895.002.832,93549,738.386.349,1.262.578,Besni
83567,4.651.014.658,2.309.042.314,868.059.652,86859,609.222.133,1.199.017,Besni
171256,5.313.732.054,4.123.828.168,630.646.744,174277,70.191.488,1.559.214,Besni
77105,4.199.536.962,2.388.394.659,822.525.594,80497,668.994.838,1131.54,Besni
100443,4.575.698.723,2.836.112.797,784.743.459,104186,673.788.505,1.269.066,Besni
72606,424.472.024,223.232.633,850.542.335,76975,683.852.617,1.117.107,Besni
83555,4.575.464.724,2.350.998.706,857.893.642,86694,711.227.443,1.159.779,Besni
146268,5.880.092.142,3.216.079.813,83.716.934,150416,695.421.481,1.535.287,Besni
113608,5.592.667.826,264.028.685,881.546.115,118098,627.862.764,1.394.088,Besni
75058,4.247.637.094,2.288.458.259,842.459.099,78952,685.461.187,1.130.395,Besni
116406,612.665.318,2.518.328.267,911.615.194,125638,526.259.635,1.480.951,Besni
100319,4.807.789.636,2.676.688.956,830.686.786,104255,639.614.136,1.289.209,Besni
143386,4.692.765.081,3.973.101.898,532.159.522,146328,750.260.314,1.422.014,Besni
164782,6.603.641.751,322.620.924,872.535.895,169000,757.757.749,1.654.986,Besni
71639,4.004.139.594,2.316.201.421,815.716.625,76252,642.461.908,1.101.879,Besni
141220,5.756.823.646,3.166.212.427,835.169.296,144300,659.151.906,1.507.939,Besni
88290,5.144.361.539,2.214.448.377,902.609.051,92317,555.157.323,1.277.388,Besni
102569,5.153.952.494,2.591.942.281,864.342.392,106888,573.241.751,1.331.797,Besni
182160,9.972.919.406,2.718.723.954,96.212.444,221527,379.856.115,2303.69,Besni
208264,6.750.983.445,3.955.792.906,810.341.407,212813,771.748.314,1.755.167,Besni
133101,6.415.097.389,2.653.139.704,910.468.935,136793,582.496.357,1.544.712,Besni
169009,7.195.058.781,3.015.651.259,907.927.113,174718,716.926.627,1.781.378,Besni
81901,4.508.275.297,2.372.089.894,850.383.428,85000,583.107.877,1.192.014,Besni
80678,4.579.252.352,2.297.035.618,865.089.207,85201,607.359.562,1.226.244,Besni
101661,4.409.818.348,2.955.307.052,742.211.915,105429,713.290.393,1268.05,Besni
82207,4.510.060.488,2.351.597.735,853.305.321,84780,629.437.077,1.182.274,Besni
166275,6.023.077.749,3.562.362.867,806.340.027,168292,719.282.081,1.580.961,Besni
188651,6.210.126.864,3.903.076.128,777.808.102,192922,747.156.346,1.698.394,Besni
202118,684.602.958,3.797.192.817,832.079.617,209242,717.218.816,1827.9,Besni
97375,4.689.040.381,2.682.670.249,820.173.426,100169,694.716.941,1.244.252,Besni
64303,4.427.453.136,1.870.290.194,906.395.428,67199,686.235.379,1081.68,Besni
86715,4.404.743.232,2.543.360.345,816.451.523,89920,735.371.438,1.173.259,Besni
155702,6.553.989.662,3.046.121.493,885.429.547,160709,697.046.209,1.626.909,Besni
84295,4.588.440.074,238.289.021,854.577.011,88521,708.450.645,1.202.583,Besni
177206,6.996.182.638,3.281.121.355,883.204.868,181412,739.152.923,1.754.378,Besni
110897,5.187.876.139,2.752.605.054,847.632.242,115550,7.304.361,1.365.577,Besni
56903,360.815.292,204.037.706,824.754.645,59797,718.426.867,980.39,Besni
113029,5.585.161.561,2.652.842.028,879.996.398,116783,66.209.179,1.419.577,Besni
69579,3.985.966.833,2.245.785.157,82.616.862,71648,719.385.856,1.071.644,Besni
163442,594.759.221,3.514.256.873,806.766.406,167471,704.685.775,1.621.959,Besni
114289,5.806.008.301,2.617.636.982,892.599.892,120657,649.487.407,1.455.893,Besni
74652,4.249.806.728,2.316.042.653,838.451.647,79014,59.261.729,1.157.109,Besni
90559,4.735.758.459,2.469.199.675,853.315.591,95477,673.231.039,1.328.744,Besni
104352,5.623.359.079,239.402.593,904.850.809,107968,668.066.581,1390.73,Besni
82161,4.417.955.517,246.810.056,829.402.027,86909,630.243.012,1.222.158,Besni
131816,5.327.314.252,3.226.830.027,795.682.271,138992,722.192.393,1488.84,Besni
163082,6.961.490.457,3.022.224.471,900.847.975,167442,763.778.569,1.687.178,Besni
77012,4.252.194.272,2.394.695.614,826.343.087,81325,654.279.767,1131.53,Besni
81604,5.285.858.925,2.047.395.131,921.939.284,87172,491.460.095,1.299.386,Besni
82853,4.301.149.972,2.511.757.003,811.772.822,85292,746.436.873,1139.84,Besni
145693,5.911.801.444,3.214.311.911,839.272.464,151644,6.485.275,1.595.364,Besni
96443,5.412.000.742,2.325.480.394,902.976.663,101271,553.411.373,1.352.482,Besni
168620,7.307.609.597,2.955.004.623,914.593.881,172003,796.730.297,1.725.003,Besni
193032,6.611.487.714,3.764.321.931,822.087.757,197672,631.120.527,1.744.271,Besni
140897,5.880.709.185,3.080.257.871,851.847.299,146231,733.999.104,1.536.473,Besni
118988,4.833.400.048,3.152.484.647,758.021.814,122375,7.844.673,1.356.398,Besni
103666,4.563.827.046,2.939.224.346,765.003.405,107992,647.265.235,1.332.203,Besni
68231,3.946.465.339,228.161,815.937.489,71591,664.527.251,1.099.228,Besni
88928,395.724.998,3.002.270.016,6.514.683,93821,671.063.554,1239.54,Besni
117077,4.961.307.567,314.547.414,773.332.196,123305,70.883.156,1419.16,Besni
123056,6.181.418.151,2.569.501.109,909.510.252,128101,641.284.069,1.522.028,Besni
94455,4.968.950.128,2.452.439.068,869.715.856,97496,719.887.507,1.256.322,Besni
89311,4.292.790.857,2.708.593.166,77.581.274,94720,682.649.239,1.234.547,Besni
68982,4.007.368.809,2.239.076.574,829.342.993,73278,728.765.213,1105.79,Besni
204864,5.966.398.018,4.404.971.275,674.476.207,209457,751.009.036,1.726.246,Besni
83693,437.734.856,2.454.242.627,828.040.175,87230,702.859.542,1.177.858,Besni
75529,4.185.184.789,2.339.901.934,82.910.585,79168,658.669.736,1.143.294,Besni
121034,518.720.443,3.057.358.095,80.783.856,125665,70.666.472,1.418.304,Besni
105192,4.405.629.092,3.057.917.791,71.988.502,107313,736.901.835,1.244.054,Besni
77402,4.694.593.474,2.150.799.509,888.878.022,80680,621.328.517,1.162.004,Besni
87857,3.807.764.868,3.009.086.479,612.784.478,90968,728.499.171,1.144.344,Besni
139399,5.224.680.098,3.482.821.616,745.407.081,144034,69.363.089,1.471.508,Besni
178334,6.260.641.738,3.662.370.495,81.104.538,181715,789.451.783,1.630.704,Besni
144084,5.559.210.209,3.321.238.891,801.921.074,149076,729.421.056,1.506.255,Besni
84975,5.118.746.638,2.154.482.203,907.106.886,88730,629.612.341,1.246.361,Besni
118043,4.937.652.445,3.080.001.269,781.601.193,122903,675.596.941,1394.1,Besni
102769,5.156.080.701,2.611.366.518,862.261.419,109161,65.023.094,1.378.308,Besni
136960,5.592.958.675,3.133.098.688,828.366.668,139458,722.141.961,1.458.551,Besni
113206,5.489.710.465,2.642.584.778,876.517.212,116787,725.860.952,1.388.476,Besni
155057,6.106.779.718,3.255.076.812,846.098.403,159681,761.057.039,1.564.694,Besni
116715,5.710.488.404,2.788.373.978,872.681.468,127342,60.261.772,1.488.324,Besni
91146,4.983.917.995,241.896.779,874.317.368,97149,672.892.643,1.293.559,Besni
101223,4.965.334.606,2.768.662.029,830.110.932,109593,713.611.945,1.345.426,Besni
79492,4.225.673.288,2.431.162.956,817.920.329,82708,637.353.474,1.122.831,Besni
93234,4.529.265.064,2.687.630.536,804.913.476,97428,715.906.997,1.222.886,Besni
167279,6.900.719.941,3.119.956.922,89.195.687,171794,578.673.899,1.680.121,Besni
193558,7.694.251.488,3.216.858.345,90.840.748,197851,605.915.848,1.865.297,Besni
146175,5.929.085.046,3.190.201.112,842.906.798,149156,632.833.301,1.529.068,Besni
108076,5.160.732.298,270.743.408,851.335.233,112975,698.815.436,1.378.774,Besni
131811,5.735.417.738,2.954.230.955,857.138.757,135814,71.150.732,1.457.016,Besni
129038,540.814.829,3.068.177.642,823.493.997,134796,64.875.817,1.459.345,Besni
130868,6.131.726.145,2.731.819.147,895.270.971,134139,536.784.249,1.513.352,Besni
206720,7.134.725.493,3.736.425.439,851.905.369,210114,780.576.219,1.866.091,Besni
205497,6.327.276.067,4.141.883.255,755.968.807,209486,76.928.865,1.736.839,Besni
146420,5.980.726.814,3.143.906.394,850.686.743,149403,746.736.026,1.531.955,Besni
126014,5.231.863.795,30.911.683,806.792.408,130059,736.226.499,1.396.906,Besni
101103,4.841.659.011,269.145.887,83.125.185,105500,0.67,1.307.683,Besni
61444,3.716.938.257,2.131.798.061,819.180.326,64321,737.472.545,1.006.984,Besni
160605,6.306.173.412,3.307.711.388,851.398.389,167411,723.185.339,1.679.562,Besni
100649,4.333.668.701,3.004.577.801,720.639.035,103883,724.719.182,1.257.029,Besni
112808,5.425.047.797,2.672.018.778,870.293.382,116961,743.155.287,1390.4,Besni
105951,5.211.127.579,2.677.270.571,857.933.758,111368,733.559.965,1.377.248,Besni
177916,5.817.097.499,3.945.247.078,734.862.852,181352,737.206.739,1.647.505,Besni
109254,483.163.737,2.898.286.843,800.107.952,111624,740.102.967,1.293.225,Besni
128574,6.018.002.346,2.762.481.554,88.841.751,135975,67.400.216,1.508.934,Besni
124166,5.259.453.568,3.041.564.686,815.821.133,126960,728.998.849,1.388.684,Besni
133784,5.812.869.477,300.635.686,855.870.727,139806,679.589.556,1.502.661,Besni
80481,4.810.639.534,217.561.151,891.891.237,85153,714.973.571,1.219.105,Besni
63491,3.266.328.824,2.483.224.493,649.631.331,64892,734.356.566,950.297,Besni
109791,4.770.335.016,2.945.338.471,786.627.389,112766,744.780.007,1.290.239,Besni
89236,3.896.816.918,2.953.319.356,652.394.055,92014,696.992.892,1.144.036,Besni
152267,5.989.676.358,3.312.490.172,833.159.184,157353,594.050.406,1.570.502,Besni
89721,5.301.565.743,2.234.999.334,90.679.426,95252,547.433.097,1.295.377,Besni
129493,4.977.881.364,3.395.262.777,731.287.033,136555,647.529.753,1.447.684,Besni
74966,4.653.608.157,2.092.796.463,893.172.211,78159,712.414.947,1.157.089,Besni
136180,5.514.538.281,316.469.824,818.937.495,139701,729.890.232,1461.03,Besni
102013,4.538.934.581,292.130.181,76.535.397,106036,637.828.409,1.266.255,Besni
169078,6.449.312.689,3.365.716.285,853.023.753,173362,682.988.899,1.629.634,Besni
78304,3.909.730.835,2.627.704.159,740.466.412,82394,623.285.654,1.137.706,Besni
54321,39.501.184,1.823.239.807,887.105.943,58632,625.069.042,1.021.989,Besni
101439,5.248.171.864,2.511.605.543,878.050.657,107520,733.311.646,1.393.213,Besni
118787,5.622.809.569,2.733.299.091,873.898.112,125083,643.713.354,1.459.584,Besni
85517,4.106.220.937,2.698.171.718,753.808.948,88349,70.294.108,1.127.889,Besni
72653,4.031.909.593,2.310.557.342,819.507.998,74718,663.897.875,1062.07,Besni
126515,5.953.425.575,2.779.092.929,884.359.909,134574,712.977.469,1.461.111,Besni
117714,480.629.674,314.026.534,757.043.179,120922,724.300.244,1.361.884,Besni
62451,3.372.899.875,2.377.053.859,709.454.946,64499,696.275.072,963.009,Besni
107895,4.620.461.305,3.005.589.867,759.510.001,110755,764.047.729,1.277.791,Besni
199015,6.154.172.359,4.139.274.732,740.009.433,201464,768.569.796,1.687.866,Besni
130388,5.118.975.835,3.263.124.485,770.486.336,132727,719.183.673,1.393.974,Besni
106440,5.010.443.057,2.731.940.698,838.273.925,108790,750.751.174,1.302.472,Besni
109878,5.419.483.998,260.083.619,87.732.059,112825,689.192.749,1.369.202,Besni
78984,4.274.942.761,2.368.825.745,832.437.662,82328,69.841.719,1.169.476,Besni
135899,6.253.482.265,2.868.998.907,88.854.772,144444,632.588.558,1.594.209,Besni
193818,6.785.595.652,3.679.003.618,840.263.379,201241,79.154.619,1.766.873,Besni
137788,6.544.702.641,2.723.013,909.335.484,141442,706.431.237,1.562.268,Besni
71800,4.310.085.748,2.187.157.773,861.680.554,77521,648.154.835,1.187.724,Besni
96210,4.825.120.191,2.626.744.113,838.832.653,102157,686.586.549,1.270.564,Besni
103057,5.484.052.371,241.123.219,898.154.134,107983,715.653.732,1.391.207,Besni
104602,4.782.226.517,279.361.007,811.634.818,106906,77.991.351,1.263.012,Besni
105467,4.655.737.975,2.902.024.046,781.965.247,109052,730.380.886,1.302.361,Besni
83059,4.405.599.708,2.436.365.121,833.170.935,88806,685.808.886,1.238.163,Besni
99378,466.397.472,2.755.755.957,80.677.413,102653,6.870.381,1.260.343,Besni
90585,4.896.477.891,2.393.502.938,87.238.391,95774,672.344.689,1.270.266,Besni
83065,4.449.996.477,2.413.311.658,84.017.353,87785,720.549.965,1.182.561,Besni
54357,3.625.947.181,1.929.493.667,846.659.474,56006,699.917.592,945.828,Besni
169645,7.315.618.761,2.994.134.054,912.408.981,174278,755.515.672,1.753.016,Besni
70461,3.761.708.434,2.439.548.291,761.196.452,72819,72.827.907,1.046.692,Besni
105347,4.768.035.004,2.820.258.157,806.310.313,108072,769.034.792,1.266.876,Besni
160583,6.306.452.291,3.262.445.303,855.792.865,165385,751.898.675,1.646.559,Besni
101772,4.779.089.439,2.734.043.639,820.194.593,104567,684.337.933,1.266.657,Besni
61123,3.293.302.205,2.572.680.933,624.298.597,70556,723.263.519,1.128.077,Besni
90375,4.806.324.763,2.410.167.682,865.182.269,93826,643.559.069,1.251.679,Besni
131847,5.604.209.076,3.026.406.658,841.649.703,134950,744.313.787,1.446.145,Besni
81998,4.236.326.319,2.512.394.448,805.158.483,83932,729.480.633,1.130.427,Besni
105924,4.977.006.461,2.745.758.066,834.050.126,109179,716.535.433,1295.27,Besni
121757,4.865.210.676,3.233.517.303,747.181.362,125067,759.912.623,1.357.888,Besni
116198,4.942.591.759,3.016.828.956,792.113.448,118786,71.936.754,1328.07,Besni
86846,4.593.960.385,2.426.199.645,849.164.703,89047,725.930.755,1.173.308,Besni
77799,4.193.385.795,2.383.432.501,822.766.851,80688,648.001,1.114.454,Besni
75242,3.916.781.455,2.480.891.166,773.824.179,77890,668.176.329,1.077.419,Besni
113164,4.867.663.599,2.971.102.875,792.112.164,116531,739.561.481,1.313.092,Besni
194864,6.578.678.432,3.780.584.606,818.383.583,197430,786.426.888,1.700.937,Besni
103313,5.034.514.388,2.664.450.356,848.474.157,108615,667.043.297,1.343.017,Besni
98464,4.882.150.041,2.617.242.599,844.164.633,101977,679.432.242,1.259.069,Besni
97377,5.039.920.682,2.524.996.254,865.447.744,101317,708.423.059,1.281.252,Besni
169880,648.904.219,3.391.311.299,852.564.975,177170,713.766.518,1.660.677,Besni
69746,3.705.604.807,2.419.144.571,757.501.058,72724,71.260.281,1.027.513,Besni
172334,595.817.747,3.750.205.347,777.064.027,174610,636.111.296,1.591.894,Besni
192815,7.314.402.924,3.371.023.722,887.465.183,196576,734.399.043,1.803.686,Besni
92121,4.320.619.001,2.756.906.108,769.969.011,95197,715.447.344,1.193.836,Besni
82462,4.345.712.205,2.444.574.533,826.779.841,85611,649.910.941,1.174.203,Besni
53325,3.512.037.065,1.972.136.417,827.452.081,56030,706.141.745,934.49,Besni
151703,5.951.070.958,3.303.427.512,831.784.963,156402,67.130.865,1.608.599,Besni
40702,2.741.689.537,191.378.387,71.606.769,41924,721.615.488,771.797,Besni
81480,4.341.002.588,2.427.017.513,829.105.982,84581,674.012.309,1162.37,Besni
104669,5.466.727.559,2.485.279.077,890.685.928,110984,687.345.679,1.398.545,Besni
85390,4.037.297.499,2.729.703.269,736.790.229,88615,710.499.821,1.156.718,Besni
178692,5.947.221.714,3.840.380.462,763.554.308,181288,74.704.638,1.622.032,Besni
104385,488.897.551,2.776.837.439,823.042.761,108197,772.169.783,1.315.843,Besni
206689,746.145.341,3.553.006.855,879.346.962,212569,745.808.887,1.876.028,Besni
98166,4.207.021.756,2.995.836.092,702.074.218,100659,707.426.224,1.245.034,Besni
156769,6.629.666.319,3.078.680.665,88.563.635,161782,742.108.801,1.646.525,Besni
182823,7.000.084.625,3.377.066.668,87.593.328,190749,698.891.395,1.789.254,Besni
96139,4.983.876.606,2.501.120.371,864.959.104,100204,675.361.077,1.298.138,Besni
99177,4.940.551.922,2.609.736.477,849.102.747,104468,61.417.513,1.317.687,Besni
76114,4.353.879.154,2.247.276.306,856.495.219,77824,681.927.322,1.100.929,Besni
111056,5.147.145.466,277.879.091,841.748.223,114995,670.785.994,1.370.914,Besni
51350,3.426.553.034,2.040.111.119,803.442.088,54576,649.178.255,930.051,Besni
144973,6.148.149.264,3.043.315.314,868.894.695,150534,733.669.028,1.539.429,Besni
182788,6.212.067.629,3.794.244.465,791.795.655,188848,733.060.891,1.679.075,Besni
128442,5.859.819.941,2.816.014.086,876.960.072,133704,750.683.811,1.499.355,Besni
76364,3.818.024.151,2.585.879.725,73.572.335,78977,747.347.818,1075.8,Besni
158808,6.589.566.002,308.528.449,883.618.526,162376,726.610.542,1.624.343,Besni
106923,5.911.158.376,2.348.233.464,917.708.543,111428,522.278.775,1.425.109,Besni
60640,3.692.703.695,2.185.287.077,806.095.763,66145,711.720.382,1.036.527,Besni
88257,4.529.245.926,2.544.821.926,827.229.367,92886,736.088.407,1.209.622,Besni
102868,4.300.260.915,3.129.725.953,685.790.415,106439,717.930.823,1.251.802,Besni
61539,3.642.559.451,2.203.620.197,796.252.226,65462,7.233.925,1.056.491,Besni
129292,6.145.474.258,2.700.854.905,898.249.041,133475,689.689.754,1.531.744,Besni
57999,31.102.247,2.434.761.211,622.242.108,61519,656.334.872,968.697,Besni
88315,4.567.407.136,2.481.499.566,839.534.766,92046,644.193.035,1.205.863,Besni
88250,4.784.818.356,2.383.218.863,867.131.498,92397,606.600.084,1.217.127,Besni
141137,600.126.138,3.057.668.376,86.046.812,145158,585.589.398,1.495.983,Besni
123980,5.318.682.601,3.325.761.746,780.386.042,138078,667.621.591,1.539.944,Besni
49371,320.643.403,2.002.455.856,78.101.538,52692,675.122.045,921.059,Besni
172783,820.724.022,3.521.936.798,903.244.833,219952,496.936.979,2.289.889,Besni
86852,4.564.786.879,2.486.068.692,838.683.717,90550,607.853.978,1.207.534,Besni
91464,4.332.197.933,2.732.554.614,77.598.221,93852,717.702.448,1182.21,Besni
93441,39.679.078,3.008.126.078,652.122.156,95370,723.317.129,1.157.771,Besni
94211,4.500.046.169,2.692.865.688,801.191.187,96340,71.684.776,1.194.631,Besni
124630,5.850.938.025,2.754.936.129,88.221.128,128308,681.831.859,1485.99,Besni
116361,5.544.901.203,2.770.668.866,866.210.843,125132,747.413.046,1.434.389,Besni
152992,5.727.053.956,3.412.457.032,803.096.791,155411,777.524.801,1.500.251,Besni
147843,6.510.028.073,2.997.432.602,887.694.392,155494,719.325.646,1.633.723,Besni
135036,5.826.875.226,3.015.684.879,85.565.446,139124,634.567.669,1.509.374,Besni
128107,6.169.944.003,2.679.807.338,900.752.608,133001,621.483.426,1.513.469,Besni
79975,4.393.125.083,2.404.941.902,836.849.476,83384,691.161.601,1.162.608,Besni
60674,345.315.246,2.252.188.028,758.036.475,62614,735.576.165,987.617,Besni
96404,4.701.016.955,2.642.362.097,827.080.776,99678,754.547.447,1.265.032,Besni
222915,7.315.594.062,3.899.466.998,84.609.325,227170,770.542.973,1.876.307,Besni
108379,4.825.655.775,2.893.857.273,800.238.655,111707,702.710.238,1.316.871,Besni
62562,4.079.392.627,198.710.116,873.342.236,64694,628.258.686,1.030.757,Besni
204226,6.482.042.885,4.022.832.708,784.117.922,207198,773.987.918,1.724.662,Besni
77985,4.733.407.049,2.140.920.312,891.865.826,82967,674.377.378,1.214.981,Besni
104728,4.956.716.825,2.726.867.344,835.075.211,109157,730.218.937,1.316.398,Besni
85449,4.711.246.639,2.383.286.787,862.608.676,89794,584.770.469,1246.2,Besni
97558,4.771.107.437,2.619.163.163,835.846.416,100259,777.045.002,1.229.813,Besni
97049,5.482.208.328,2.316.610.186,906.330.851,102899,616.301.518,1.399.672,Besni
58870,3.551.360.184,2.120.294.595,802.213.456,60490,734.956.305,940.363,Besni
83889,4.509.889.914,2.413.303.882,844.780.047,88842,729.824.958,1.183.981,Besni
110527,5.145.888.486,2.755.833.551,844.509.317,114538,689.698.853,1.360.821,Besni
66793,3.622.312.356,2.364.044.486,757.673.254,69506,684.109.182,1.024.169,Besni
91665,4.854.521.433,2.430.800.284,865.604.032,95741,700.032.075,1.244.563,Besni
126149,4.788.771.011,3.459.199.722,691.520.882,134778,624.908.356,1.549.185,Besni
101618,4.434.929.899,2.933.841.689,749.918.202,104508,750.241.792,1.238.627,Besni
96442,4.504.081.356,2.769.226.152,788.662.816,100712,703.058.137,1.239.314,Besni
79397,4.349.940.818,2.355.194.933,840.744.874,83074,696.116.854,1.148.633,Besni
86658,4.392.290.769,2.583.043.276,80.879.864,89048,699.757.752,1.184.581,Besni
113046,5.489.408.354,2.653.050.959,8.754.528,116819,677.181.674,1.385.645,Besni
53373,3.306.772.412,2.157.016.476,757.958.591,56639,654.281.336,936.823,Besni
80274,4.043.024.952,2.560.624.764,773.870.556,84523,663.542.132,1.153.618,Besni
89431,4.648.339.317,247.352.044,846.662.711,92412,624.797.395,1.198.853,Besni
84383,4.039.094.148,2.712.515.091,74.094.546,87629,67.494.521,1.140.605,Besni
98260,5.201.030.781,2.452.097.587,88.188.543,103918,576.457.129,1.345.687,Besni
104656,4.894.542.174,2.734.526.643,829.377.269,106961,741.609.977,1.273.128,Besni
100186,4.625.059.292,2.776.991.108,799.682.716,101921,682.242.863,1.217.831,Besni
122617,5.036.875.762,3.226.225.172,767.940.576,131499,643.253.594,1.429.352,Besni
117301,5.072.404.407,2.968.298.817,810.899.272,122361,618.402.185,1.407.401,Besni
48007,3.026.110.474,2.091.160.842,72.281.732,50679,677.051.307,889.743,Besni
165681,6.152.108.745,3.467.022.458,826.081.781,170954,735.823.666,1.635.791,Besni
83929,4.290.904.087,2.520.375.627,809.313.914,87269,704.841.486,1.176.227,Besni
109701,5.466.352.817,2.566.147.321,882.962.171,113425,580.625.185,1.405.868,Besni
117098,6.377.702.144,2.374.717.854,928.093.615,120417,652.865.745,1.484.334,Besni
107082,5.368.515.692,25.871.716,876.217.627,112201,729.520.929,1.354.715,Besni
102944,4.771.675.089,2.772.224.874,813.921.262,108053,715.684.093,1.339.098,Besni
53077,3.272.878.204,2.122.310.886,761.253.861,55532,646.413.348,934.708,Besni
78161,4.532.033.953,2.226.050.244,871.057.374,81689,733.492.868,1.161.291,Besni
122433,5.852.941.984,2.707.088.097,886.610.152,128445,579.493.175,1.526.711,Besni
142069,6.627.137.696,2.754.396.927,909.536.563,148697,732.276.687,1622.58,Besni
82585,4.361.824.306,2.648.740.998,794.506.753,93928,588.446.959,1320.46,Besni
96753,4.774.997.235,2.619.434.084,836.102.728,99964,694.107.266,1.258.683,Besni
106393,4.723.094.058,2.875.938.899,793.239.365,109501,678.388.339,1.281.378,Besni
182122,6.204.872.195,3.764.886.055,794.882.897,187560,721.829.842,1695.23,Besni
49691,3.366.780.578,1.892.616.674,827.039.135,52077,724.950.397,919.419,Besni
79057,4.363.900.466,2.368.953.933,839.828.107,82642,654.597.092,1.148.146,Besni
110785,5.600.071.356,2.593.973.494,886.251.871,116070,558.566.689,1.456.757,Besni
171749,6.712.545.607,3.289.098.892,871.726.491,175679,738.159.297,1.689.585,Besni
149841,5.474.564.052,3.545.846.058,761.899.987,155682,711.847.256,1.544.342,Besni
97513,4.869.021.671,2.572.700.163,849.007.165,100196,688.908.984,1.272.882,Besni
97254,4.220.440.713,3.058.751.238,68.901.521,100815,633.349.614,1.254.468,Besni
132116,5.196.799.838,3.253.324.878,779.803.256,133811,745.071.058,1.393.335,Besni
132730,535.980.907,32.495.892,795.244.976,139810,688.558.608,1.475.658,Besni
68576,377.136.928,2.351.294.691,781.855.924,71551,719.074.732,1.087.108,Besni
109011,5.043.954.957,2.770.339.524,835.664.958,111306,620.933.014,1.297.147,Besni
109438,5.027.293.381,2.803.437.406,830.080.564,113476,6.354.731,1.323.557,Besni
76551,3.944.426.146,2.552.544.409,762.382.271,81613,632.365.454,1.130.405,Besni
121080,5.734.036.122,2.706.325.069,881.611.618,124432,723.790.395,1.418.385,Besni
86202,4.377.712.614,2.539.093.213,814.613.238,90825,705.146.139,1.199.809,Besni
134913,6.396.015.714,273.092.077,904.264.761,139500,73.672.628,1.535.248,Besni
175247,7.130.171.239,3.163.984.978,896.152.602,179961,592.162.706,1.739.277,Besni
195281,6.098.297.259,4.085.356.188,742.435.528,197426,769.656.124,1.639.103,Besni
131496,5.061.154.491,3.343.317.845,750.752.113,134210,705.522.559,1412.02,Besni
175946,6.045.300.676,3.728.498.432,787.151.415,180289,775.837.589,1.622.809,Besni
66265,4.245.594.345,2.033.812.923,877.792.635,70487,628.014.974,1.126.765,Besni
106938,498.433.852,2.745.902.751,834.567.201,110118,773.187.379,1.285.854,Besni
76624,4.739.659.934,2.077.369.888,898.831.116,80356,661.007.591,1.205.819,Besni
88747,4.250.072.805,2.686.684.637,774.845.821,92317,761.312.848,1.184.156,Besni
165940,6.248.449.588,3.406.956.311,838.274.613,170781,779.463.573,1641.14,Besni
181926,5.799.185.509,4.008.016.603,722.726.255,185474,716.808.511,1.628.157,Besni
148073,5.993.628.139,3.270.840.676,837.967.815,152985,690.156.141,1.557.606,Besni
103915,5.164.855.009,2.601.054.455,863.933.164,106499,691.085.026,1.285.063,Besni
71141,4.171.369.997,2.191.852.525,850.823.569,73629,725.454.805,1.085.215,Besni
169494,6.149.937.443,35.228.079,819.681.103,172094,740.122.616,1.607.527,Besni
47253,3.600.191.761,1.725.083.892,877.725.147,51538,711.320.187,940.542,Besni
102960,5.223.810.484,25.236.543,875.561.861,105956,741.658.503,1.311.161,Besni
81570,450.480.907,2.336.080.557,855.032.254,84540,733.213.483,1.162.256,Besni
62526,3.572.050.867,22.886.293,767.787.509,65994,707.307.692,1.006.598,Besni
141613,5.883.715.687,3.112.961.675,84.857.138,149492,721.793.513,1.521.811,Besni
105961,4.977.014.599,2.759.717.264,832.188.722,109992,697.561.586,1.347.989,Besni
125282,5.364.989.648,2.994.368.265,829.752.693,129758,735.948.588,1.404.303,Besni
87252,4.334.845.202,2.610.666.438,798.306.516,90160,73.579.464,1.166.517,Besni
108771,472.208.192,2.944.538.963,781.769.152,111241,770.049.274,1.267.646,Besni
138202,5.569.819.072,3.182.528.014,820.680.026,143228,697.215.215,1.576.336,Besni
92024,453.715.176,2.604.860.546,818.772.562,94643,751.860.779,1.204.623,Besni
76708,4.580.446.404,2.163.409.323,881.430.321,78694,658.392.557,1135.68,Besni
105053,4.904.095.974,277.084.224,825.086.992,107939,670.404.145,1.297.279,Besni
72924,4.342.226.657,2.204.917.639,861.483.822,77356,621.603.191,1.183.236,Besni
89169,4.081.899.217,2.813.966.838,724.402.895,93087,713.854.554,1.187.085,Besni
93042,4.705.658.055,2.542.608.114,841.453.216,95156,632.396.721,1.216.104,Besni
71054,3.647.511.364,249.723.369,728.880.994,72956,727.848.231,1.027.206,Besni
90675,4.262.364.248,2.752.870.726,763.459.806,92030,740.107.415,1.163.021,Besni
137921,598.761.032,2.972.016.018,868.116.234,142159,748.756.786,1.510.852,Besni
164440,5.807.758.476,3.623.455.742,78.150.484,167563,770.427.286,1.554.365,Besni
71502,4.904.334.789,1.894.429.399,922.383.026,75157,500.546.035,1.182.852,Besni
144250,606.351.813,3.053.303.818,863.964.234,148528,800.255.194,1.547.081,Besni
223075,6.942.475.503,411.810.369,805.073.466,225916,764.940.471,1.812.569,Besni
56244,3.988.024.524,1.828.440.459,888.703.306,58530,65.636.597,1.008.134,Besni
142239,6.148.344.775,2.977.353.473,874.928.099,148078,643.516.382,1.553.114,Besni
78632,4.079.403.285,2.458.211.977,798.050.128,79715,689.010.979,1.068.727,Besni
93430,4.676.371.192,258.947.168,832.692.769,98337,7.129.884,1.258.966,Besni
97583,5.227.865.556,241.940.773,886.467.562,101231,725.982.963,1.298.731,Besni
123654,5.424.197.414,2.934.732.356,840.993.944,126325,65.953.021,1.400.524,Besni
85894,4.771.719.928,2.310.396.812,874.965.463,89369,730.391.156,1.202.493,Besni
235047,772.956.877,388.201.507,864.734.549,239093,711.672.732,1942.05,Besni
152611,6.631.332.504,2.974.179.501,893.780.798,158488,61.471.504,1.755.968,Besni
83932,4.992.377.543,2.244.723.887,893.214.785,88572,67.084.419,1.258.062,Besni
117354,5.203.266.122,2.896.619.857,83.071.856,121057,712.064.948,1.374.171,Besni
66315,3.635.788.956,2.344.544.522,764.307.755,68906,688.944.066,1.015.021,Besni
87663,4.056.780.508,2.774.549.315,729.548.695,89710,743.688.283,1.126.518,Besni
95364,4.815.643.732,2.538.467.812,849.784.975,97623,737.951.528,1.225.352,Besni
78787,4.502.555.917,228.912.522,861.117.655,80567,677.376.367,1.142.632,Besni
160451,5.937.498.799,3.467.570.543,811.745.025,163523,785.231.188,1.548.609,Besni
121077,521.191.031,3.021.091.845,814.864.461,125856,734.512.254,1.403.043,Besni
62280,388.582.055,2.055.143.916,848.694.829,63596,791.440.045,977.906,Besni
106897,4.817.946.852,2.886.600.202,80.064.808,109314,715.983.148,1284.69,Besni
111568,4.911.120.737,2.939.110.068,801.152.573,114128,734.758.929,1.303.224,Besni
61556,3.407.836.277,2.314.351.892,73.402.126,63181,734.803.992,956.302,Besni
47609,3.318.941.109,1.842.131.203,831.826.447,49720,748.192.733,874.091,Besni
61861,3.459.436.498,2.354.304.678,732.705.625,67390,70.227.959,1.063.621,Besni
84855,420.350.624,2.758.810.121,754.489.905,90768,673.805.327,1.172.642,Besni
127292,6.398.506.348,2.583.819.447,914.840.211,129101,534.714.521,1.496.062,Besni
125968,5.225.437.758,3.080.475.964,807.757.147,129444,739.578.685,1.414.078,Besni
48488,2.753.377.168,226.802.199,566.991.437,50103,669.594.277,859.326,Besni
84774,4.162.814.499,2.640.989.928,772.985.146,90393,697.670.974,1.209.582,Besni
78921,3.769.878.173,2.688.326.119,701.055.316,82584,719.924.469,1.144.959,Besni
145235,6.096.301.806,3.066.080.357,864.320.723,148876,682.495.301,1.538.316,Besni
87039,4.970.580.562,2.362.127.732,879.866.091,96247,636.981.038,1.271.343,Besni
181126,9.496.626.718,293.386.698,951.082.244,225592,414.153.748,2.352.029,Besni
142419,5.804.381.967,318.180.558,836.364.958,145899,754.857.688,1.512.658,Besni
92619,3.986.207.288,2.968.829.335,667.315.162,95666,742.996.727,1173.39,Besni
68510,3.484.009.519,2.529.930.044,687.531.298,70513,670.877.399,1.028.839,Besni
48551,3.028.128.348,2.059.633.801,733.056.942,50748,742.824.357,862.001,Besni
92472,4.244.199.935,2.822.115.053,746.901.655,95982,746.163.157,1204.61,Besni
100928,4.651.799.197,2.870.157.139,78.696.365,105549,686.192.924,1310.51,Besni
96920,4.475.951.038,2.774.359.099,784.730.757,100285,687.258.906,1229.91,Besni
96762,4.574.774.879,2.773.867.797,795.205.711,101717,78.868.349,1248.75,Besni
151908,5.941.828.014,3.285.680.583,833.198.042,155600,721.207.805,1.560.016,Besni
75368,3.878.523.157,2.505.845.218,76.326.774,77706,735.096.754,1.078.409,Besni
168269,6.143.804.322,3.534.662.998,817.927.331,173527,756.241.377,1.641.456,Besni
99333,42.287.694,3.022.095.731,699.480.849,101942,720.765.368,1.191.348,Besni
102722,4.168.989.374,3.175.428.031,647.955.574,107169,724.419.777,1.261.988,Besni
104468,5.421.781.725,2.500.630.792,887.286.135,108119,646.932.785,1.360.497,Besni
73699,4.085.855.548,2.311.420.842,824.602.335,76106,703.181.055,1.079.578,Besni
71918,4.485.277.271,2.077.512.363,88.626.171,75002,696.373.759,1.091.499,Besni
127933,5.607.226.757,2.946.625.589,850.790.524,130766,667.778.474,1426.6,Besni
73294,4.452.461.201,2.176.202.412,872.416.085,76157,654.434.087,1147.6,Besni
189069,6.794.893.072,3.570.472.563,850.815.756,195810,612.143.209,1.831.909,Besni
159064,5.702.169.046,3.682.206.845,763.544.285,165584,781.964.054,1563.83,Besni
120818,4.926.065.372,3.152.013.498,768.487.895,123230,672.032.484,1.311.522,Besni
59890,4.024.157.189,1.946.688.358,875.205.907,61673,719.710.626,1.034.144,Besni
137593,5.580.587.508,3.167.128.382,823.355.491,142114,677.764.642,1.478.596,Besni
166654,6.079.964.652,3.496.589.887,818.082.863,169060,753.517.688,1.574.164,Besni
55858,2.988.588.591,2.398.993.992,596.358.734,58630,681.452.744,915.13,Besni
105308,4.733.133.932,284.170.622,799.710.534,108094,787.014.132,1.259.934,Besni
67468,424.563.654,2.078.230.517,87.200.443,70674,611.693.881,1.105.042,Besni
132680,5.498.652.777,308.392.291,827.917.003,136612,650.653.694,1.453.895,Besni
154197,5.826.121.787,3.432.602.128,808.005.855,160008,762.219.476,1.555.816,Besni
225043,7.400.037.432,3.903.008.576,849.597.917,229195,744.187.354,1.853.893,Besni
66613,4.331.941.642,1.998.147.343,887.265.505,70454,708.950.617,1.085.157,Besni
141559,5.941.144.312,3.063.100.019,856.845.008,146674,764.489.545,1.530.598,Besni
77622,4.601.429.023,226.581.322,870.360.472,82990,651.213.128,1.205.141,Besni
179668,6.904.334.163,3.325.532.581,876.358.889,181954,779.403.089,1.681.985,Besni
105091,5.076.851.162,2.680.873.433,849.208.116,108296,700.270.537,1.295.591,Besni
66938,3.563.232.835,248.674.245,71.620.554,69880,708.661.084,1.022.705,Besni
97494,4.517.827.664,2.782.800.079,787.777.611,101878,689.695.666,1.254.755,Besni
101770,4.686.679.004,2.798.129.101,802.212.378,103475,785.177.527,1.233.824,Besni
88338,5.044.821.967,2.271.275.085,892.918.128,90790,727.157.486,1.230.493,Besni
119336,5.635.463.265,2.753.557.685,872.500.913,125523,668.155.987,1.469.764,Besni
126019,5.206.800.335,3.161.898.754,794.500.651,130948,694.510.885,1.422.242,Besni
154498,6.213.515.398,3.185.977.308,858.538.226,159694,750.048.547,1.585.782,Besni
82632,4.713.667.164,2.273.931.825,875.944.181,87501,633.078.974,1.243.987,Besni
218459,5.712.892.031,4.922.752.785,507.431.838,228259,731.973.651,1947.46,Besni
150420,6.077.096.735,3.168.097.244,853.362.761,153905,642.408.712,1.557.266,Besni
110296,4.876.911.592,2.899.248.299,804.107.077,113271,687.099.748,1.316.112,Besni
171264,6.096.431.474,3.592.245.718,807.959.919,174156,771.737.563,1.592.095,Besni
110936,5.009.313.423,2.862.523.864,820.643.598,113888,732.395.854,1.319.435,Besni
54502,346.457.978,2.040.812.123,808.096.294,56464,636.111.111,927.283,Besni
142415,5.320.841.297,3.424.207.326,765.407.249,144862,770.643.939,1.449.803,Besni
94282,49.416.296,2.448.038.886,868.670.102,97707,702.386.185,1269.68,Besni
68799,3.565.678.081,2.532.546.956,703.942.708,71879,700.929.152,1041.27,Besni
79058,4.544.372.156,2.369.642.525,853.284.574,82555,578.255.972,1.175.034,Besni
85646,4.697.747.551,2.385.393.844,861.490.344,92673,6.810.436,1.226.892,Besni
107486,4.628.131.338,2.960.912.378,768.571.317,108914,759.967.476,1.235.078,Besni
149703,6.378.730.298,3.046.225.324,878.599.234,154549,593.805.036,1.596.356,Besni
187391,6.606.555.881,3.623.150.066,836.204.746,189799,71.394.663,1.682.478,Besni
115272,5.114.720.359,2.915.913.488,821.573.762,119773,62.476.017,1.392.653,Besni
83248,4.300.773.077,2.478.386.945,817.262.582,85839,66.879.293,1.129.072,Besni
87350,4.407.356.978,2.592.931.487,808.628.995,90899,636.476.246,1.214.252,Besni
99657,4.317.069.809,2.988.373.229,721.684.066,106264,741.098.519,1.292.828,Besni
93523,4.763.440.939,2.541.760.536,84.573.851,97653,658.798.253,1.258.548,Besni
85609,5.120.817.743,2.152.719.758,907.345.395,89197,632.019.963,1.272.862,Besni